BINANCE:NEXOUSDT,
BINANCE:UMAUSDT,
BINANCE:VGXUSDT,
BINANCE:POLYUSDT,
BINANCE:KAVAUSDT,
BINANCE:TTTUSDT,
BINANCE:HEDGUSDT,
BINANCE:IHFUSDT,
BINANCE:UNLUSDT,
BINANCE:ACAUSDT,
BINANCE:SXPUSDT,
BINANCE:CHSBUSDT,
BINANCE:XDCUSDT,
BINANCE:ETNUSDT,
BINANCE:PEAKUSDT,
BINANCE:XPRUSDT,
BINANCE:MTLUSDT,
BINANCE:LCXUSDT,
BINANCE:SOLOUSDT,
BINANCE:MLNUSDT,
BINANCE:BLCTUSDT,
BINANCE:ZCXUSDT,
BINANCE:MFTUSDT,
BINANCE:BNANAUSDT,
BINANCE:AKROUSDT,
BINANCE:HNCUSDT,
BINANCE:RDDUSDT,
BINANCE:ZEONUSDT,
BINANCE:YLDUSDT,
BINANCE:FSNUSDT,
BINANCE:CLTUSDT,
BINANCE:YFLUSDT,
BINANCE:CRPTUSDT,
BINANCE:ADKUSDT,
BINANCE:BAXUSDT,
BINANCE:MASUSDT,
BINANCE:PLBTUSDT,
BINANCE:CRONUSDT,
BINANCE:DIPUSDT,
BINANCE:FUSEUSDT,
BINANCE:KICKUSDT,
BINANCE:EVXUSDT,
BINANCE:JRTUSDT,
BINANCE:PAYUSDT,
BINANCE:HDP.Ð¤USDT,
BINANCE:BBANKUSDT,
BINANCE:SPNDUSDT,
BINANCE:PLRUSDT,
BINANCE:TKPUSDT,
BINANCE:GRGUSDT,
