BINANCE:DPRUSDT,
BINANCE:METISUSDT,
BINANCE:AIOZUSDT,
BINANCE:LSSUSDT,
BINANCE:CAPSUSDT,
BINANCE:STACKUSDT,
BINANCE:SHOPXUSDT,
BINANCE:EQZUSDT,
BINANCE:ISPUSDT,
BINANCE:DOWSUSDT,
BINANCE:IOIUSDT,
BINANCE:BBANKUSDT,
BINANCE:GDTUSDT,
BINANCE:HAKAUSDT,
BINANCE:BYNUSDT,
BINANCE:ARGOUSDT,
BINANCE:BLESUSDT,
BINANCE:OPSUSDT,
BINANCE:RELIUSDT,
BINANCE:BRIGHTUSDT,
BINANCE:COLLUSDT,
BINANCE:ALPHRUSDT,
BINANCE:N1USDT,
BINANCE:PLUTUSDT,
BINANCE:CNTUSDT,
BINANCE:SMTYUSDT,
BINANCE:PLEUSDT,
BINANCE:MOZUSDT,
BINANCE:HIDUSDT,
BINANCE:DRCTUSDT,
BINANCE:UFIUSDT,
BINANCE:PNDRUSDT,
BINANCE:CTRUSDT,
