BINANCE:RAYUSDT,
BINANCE:DODOUSDT,
BINANCE:AUCTIONUSDT,
BINANCE:POLSUSDT,
BINANCE:XRUNEUSDT,
BINANCE:GAFIUSDT,
BINANCE:SFUNDUSDT,
BINANCE:BSCPADUSDT,
BINANCE:DAOUSDT,
BINANCE:SLIMUSDT,
BINANCE:XAVAUSDT,
BINANCE:VLXPADUSDT,
BINANCE:OCCUSDT,
BINANCE:IDIAUSDT,
BINANCE:ADAPADUSDT,
BINANCE:OMUSDT,
BINANCE:SWAPUSDT,
BINANCE:CARDSUSDT,
BINANCE:PAIDUSDT,
BINANCE:KCCPADUSDT,
BINANCE:LIGHTUSDT,
BINANCE:ZEEUSDT,
BINANCE:POOLZUSDT,
BINANCE:OXBUSDT,
BINANCE:UNCXUSDT,
BINANCE:LPOOLUSDT,
BINANCE:DUCKUSDT,
BINANCE:IPADUSDT,
BINANCE:CFIUSDT,
BINANCE:VENTUSDT,
BINANCE:NFTLUSDT,
BINANCE:CXPADUSDT,
BINANCE:IFUSDT,
BINANCE:WAULTUSDT,
BINANCE:AVXLUSDT,
BINANCE:STARTUSDT,
BINANCE:$CRDNUSDT,
BINANCE:GPOOLUSDT,
BINANCE:MOONEDUSDT,
BINANCE:ZEROUSDT,
BINANCE:ANGELUSDT,
BINANCE:INFPUSDT,
BINANCE:PKEXUSDT,
BINANCE:DISUSDT,
BINANCE:LESSUSDT,
BINANCE:STBUUSDT,
BINANCE:KOMUSDT,
BINANCE:KPADUSDT,
BINANCE:BSLUSDT,
BINANCE:APADUSDT,
