BINANCE:DOGEUSDT,
BINANCE:SHIBUSDT,
BINANCE:ELONUSDT,
BINANCE:BABYDOGEUSDT,
BINANCE:SAMOUSDT,
BINANCE:HOGEUSDT,
BINANCE:CATEUSDT,
BINANCE:MONSTAUSDT,
BINANCE:MONAUSDT,
BINANCE:LUFFYUSDT,
BINANCE:KINGSHIBUSDT,
BINANCE:CUMMIESUSDT,
BINANCE:SANTAUSDT,
BINANCE:DOGEGFUSDT,
BINANCE:BANUSDT,
BINANCE:KUMAUSDT,
BINANCE:DOBOUSDT,
BINANCE:DOGGYUSDT,
BINANCE:NFDUSDT,
BINANCE:POLYDOGEUSDT,
BINANCE:SHIBXUSDT,
BINANCE:SHIHUSDT,
BINANCE:HUSKYUSDT,
BINANCE:EDOGEUSDT,
BINANCE:MINIKISHUUSDT,
BINANCE:CATOUSDT,
BINANCE:CORGIUSDT,
BINANCE:CATUSDT,
BINANCE:WOOFYUSDT,
BINANCE:BABYDOGEUSDT,
BINANCE:RATUSDT,
BINANCE:GDOGEUSDT,
BINANCE:KANGALUSDT,
BINANCE:OHMINUUSDT,
BINANCE:PPBLZUSDT,
BINANCE:XKAWAUSDT,
BINANCE:AKAMARUUSDT,
BINANCE:UPDOGUSDT,
BINANCE:FUKUUSDT,
BINANCE:ROGEUSDT,
BINANCE:BOBOUSDT,
BINANCE:MDOGEUSDT,
BINANCE:DOGEFIUSDT,
BINANCE:PROGEUSDT,
BINANCE:SHIBCAKEUSDT,
BINANCE:EDAOUSDT,
BINANCE:RPEPEUSDT,
BINANCE:AKITAUSDT,
BINANCE:WSBUSDT,
BINANCE:WSBUSDT,
