BINANCE:LINKUSDT,
BINANCE:GRTUSDT,
BINANCE:BANDUSDT,
BINANCE:CTSIUSDT,
BINANCE:ERGUSDT,
BINANCE:RLCUSDT,
BINANCE:API3USDT,
BINANCE:TRBUSDT,
BINANCE:KYLUSDT,
BINANCE:DIAUSDT,
BINANCE:KP3RUSDT,
BINANCE:UMBUSDT,
BINANCE:HAPIUSDT,
BINANCE:SKEYUSDT,
BINANCE:NESTUSDT,
BINANCE:MARSHUSDT,
BINANCE:XEQUSDT,
BINANCE:ORAIUSDT,
BINANCE:C3USDT,
BINANCE:MODUSDT,
BINANCE:RAZORUSDT,
BINANCE:XFUNDUSDT,
BINANCE:BOGUSDT,
BINANCE:ZAPUSDT,
BINANCE:BIRDUSDT,
BINANCE:IDNAUSDT,
BINANCE:&#127760;USDT,
BINANCE:ORKUSDT,
BINANCE:BRYUSDT,
BINANCE:CPHRUSDT,
BINANCE:UTUUSDT,
BINANCE:ARESUSDT,
BINANCE:DOSUSDT,
BINANCE:ODINUSDT,
BINANCE:MRFIUSDT,
BINANCE:ZORAUSDT,
BINANCE:ROOMUSDT,
BINANCE:ORAOUSDT,
BINANCE:WINUSDT,
BINANCE:BOGUSDT,
BINANCE:PLUG(CN)USDT,
BINANCE:SHILLUSDT,
BINANCE:DTOUSDT,
BINANCE:PLIUSDT,
BINANCE:ERPUSDT,
