BINANCE:AXSUSDT,
BINANCE:MANAUSDT,
BINANCE:SANDUSDT,
BINANCE:ILVUSDT,
BINANCE:GALAUSDT,
BINANCE:WEMIXUSDT,
BINANCE:YGGUSDT,
BINANCE:ETERNALUSDT,
BINANCE:DARUSDT,
BINANCE:PYRUSDT,
BINANCE:TLMUSDT,
BINANCE:ALICEUSDT,
BINANCE:BNXUSDT,
BINANCE:GAFIUSDT,
BINANCE:POLISUSDT,
BINANCE:SFUNDUSDT,
BINANCE:AURYUSDT,
BINANCE:DGUSDT,
BINANCE:DERCUSDT,
BINANCE:GODSUSDT,
BINANCE:KLEEUSDT,
BINANCE:WANAUSDT,
BINANCE:FIWAUSDT,
BINANCE:MONIUSDT,
BINANCE:HEUSDT,
BINANCE:NTVRKUSDT,
BINANCE:XPUSDT,
BINANCE:MARS4USDT,
BINANCE:TTKUSDT,
BINANCE:GFTUSDT,
BINANCE:RPGUSDT,
BINANCE:MATUSDT,
BINANCE:ICEUSDT,
BINANCE:IOIUSDT,
BINANCE:BINUSDT,
BINANCE:SPOREUSDT,
BINANCE:ZONEUSDT,
BINANCE:KMONUSDT,
BINANCE:HEROEGGUSDT,
BINANCE:REALMUSDT,
BINANCE:KAINETUSDT,
BINANCE:KWTUSDT,
BINANCE:MNYUSDT,
BINANCE:FUFUUSDT,
BINANCE:SMONUSDT,
BINANCE:WHEELUSDT,
BINANCE:CLDUSDT,
BINANCE:DAPPXUSDT,
BINANCE:WARUSDT,
BINANCE:KILLUSDT,
