BINANCE:SUPERUSDT,
BINANCE:WILDUSDT,
BINANCE:ERNUSDT,
BINANCE:KYLUSDT,
BINANCE:SHFTUSDT,
BINANCE:OOEUSDT,
BINANCE:UMBUSDT,
BINANCE:POLKUSDT,
BINANCE:CGGUSDT,
BINANCE:PAIDUSDT,
BINANCE:PDEXUSDT,
BINANCE:XEDUSDT,
BINANCE:SAITOUSDT,
BINANCE:PMONUSDT,
BINANCE:CONVUSDT,
BINANCE:NAOSUSDT,
BINANCE:FCLUSDT,
BINANCE:PNODEUSDT,
BINANCE:PUSHUSDT,
BINANCE:NGMUSDT,
BINANCE:MARSHUSDT,
BINANCE:TIDALUSDT,
BINANCE:LITHUSDT,
BINANCE:MATTERUSDT,
BINANCE:MOOVUSDT,
BINANCE:KONOUSDT,
BINANCE:ODDZUSDT,
BINANCE:STOSUSDT,
BINANCE:FXFUSDT,
BINANCE:BMIUSDT,
BINANCE:FINEUSDT,
BINANCE:STNDUSDT,
BINANCE:DFYNUSDT,
BINANCE:BLANKUSDT,
BINANCE:FEVRUSDT,
BINANCE:MINTUSDT,
BINANCE:MAHAUSDT,
BINANCE:NORDUSDT,
BINANCE:KTNUSDT,
BINANCE:UDOUSDT,
BINANCE:IONXUSDT,
BINANCE:DOPUSDT,
BINANCE:REALMUSDT,
BINANCE:YOPUSDT,
BINANCE:EMONUSDT,
BINANCE:LKRUSDT,
BINANCE:NIIFIUSDT,
BINANCE:PHTRUSDT,
BINANCE:DISUSDT,
BINANCE:SPDRUSDT,
