BINANCE:HNTUSDT,
BINANCE:DESOUSDT,
BINANCE:PALGUSDT,
BINANCE:MASKUSDT,
BINANCE:FEGUSDT,
BINANCE:NKNUSDT,
BINANCE:STEEMUSDT,
BINANCE:RKNUSDT,
BINANCE:KINUSDT,
BINANCE:DFAUSDT,
BINANCE:JUPUSDT,
BINANCE:SYLOUSDT,
BINANCE:HAPPYUSDT,
BINANCE:IXIUSDT,
BINANCE:SKMUSDT,
BINANCE:ADMUSDT,
BINANCE:AG8USDT,
BINANCE:PIRATEUSDT,
BINANCE:MNCUSDT,
BINANCE:QUANUSDT,
BINANCE:KICKSUSDT,
BINANCE:BMHUSDT,
BINANCE:ATMOSUSDT,
BINANCE:SPRTSUSDT,
BINANCE:CBCUSDT,
BINANCE:DMMEUSDT,
BINANCE:MEUSDT,
BINANCE:SBTCUSDT,
BINANCE:BNAUSDT,
BINANCE:GLUSDT,
BINANCE:XJPUSDT,
BINANCE:KTTUSDT,
BINANCE:MCONTENTUSDT,
BINANCE:POLOUSDT,
BINANCE:GLMSUSDT,
BINANCE:LWAZIUSDT,
BINANCE:MGSUSDT,
BINANCE:CRYPTUSDT,
BINANCE:NSCUSDT,
BINANCE:WAIFERUSDT,
BINANCE:FATEUSDT,
BINANCE:HOODUSDT,
BINANCE:VDRUSDT,
BINANCE:ORIOUSDT,
